meter_id,timestamp,latitude,longitude,voltage_v,current_a,power_kw,energy_kwh,power_factor,frequency_hz,meter_status,signal_strength_dbm,temperature_c,anomaly_flag
MTR-0001,2026-09-30 10:00:00,13.195352,100.885405,235.42,3.91,0.86,1827.36,0.933,49.99,Normal,-50.7,36.5,Normal
MTR-0002,2026-09-30 10:00:00,13.166778,100.90019,232.45,3.16,0.69,3125.62,0.939,49.99,Normal,-70.6,30.7,Normal
MTR-0003,2026-09-30 10:00:00,13.202146,100.972101,233.19,2.15,0.49,1019.78,0.968,50.01,Normal,-68.2,35.2,Normal
MTR-0004,2026-09-30 10:00:00,13.241536,100.96457,235.84,1.67,0.36,4804.76,0.919,49.99,Normal,-68.3,36.0,Normal
MTR-0005,2026-09-30 10:00:00,13.162463,100.92985,235.77,5.64,1.28,3873.11,0.961,50.03,Normal,-63.3,37.7,Normal
MTR-0006,2026-09-30 10:00:00,13.162464,100.937453,234.14,1.46,0.33,2356.87,0.98,49.99,Normal,-65.0,36.9,Normal
MTR-0007,2026-09-30 10:00:00,13.244065,101.001272,229.72,3.76,0.81,1203.46,0.942,49.98,Normal,-68.3,37.7,Normal
MTR-0008,2026-09-30 10:00:00,13.207535,100.898464,227.09,1.14,0.25,4639.46,0.976,50.02,Normal,-71.7,33.7,Normal
MTR-0009,2026-09-30 10:00:00,13.151874,100.96109,229.52,4.12,0.91,4362.95,0.957,49.97,Normal,-55.7,32.8,Normal
MTR-0010,2026-09-30 10:00:00,13.197415,100.919879,226.33,4.64,0.98,3878.18,0.932,50.06,Normal,-51.0,33.0,Normal
MTR-0011,2026-09-30 10:00:00,13.152146,100.919028,219.24,4.91,1.02,1739.85,0.945,50.05,Normal,-49.7,34.9,Normal
MTR-0012,2026-09-30 10:00:00,13.152042,100.991433,227.6,2.79,0.6,2361.62,0.941,50.02,Normal,-67.3,27.7,Normal
MTR-0013,2026-09-30 10:00:00,13.183888,100.976398,230.79,69.54,15.34,15052.05,0.956,50.01,High_Load,-55.3,38.7,Abnormal_Load
MTR-0014,2026-09-30 10:00:00,13.086902,100.975743,226.06,8.47,1.83,1347.94,0.954,50.01,Normal,-60.9,34.2,Normal
MTR-0015,2026-09-30 10:00:00,13.095379,101.002801,228.04,36.35,7.49,19808.62,0.903,49.99,High_Load,-68.1,32.5,Abnormal_Load
MTR-0016,2026-09-30 10:00:00,13.147697,100.932155,228.23,58.33,12.45,26620.2,0.935,50.01,High_Load,-56.4,25.1,Abnormal_Load
MTR-0017,2026-09-30 10:00:00,13.127423,100.968507,235.78,3.21,0.67,3269.06,0.889,49.97,Normal,-68.5,33.9,Normal
MTR-0018,2026-09-30 10:00:00,13.187141,100.913935,227.2,2.42,0.52,4704.7,0.948,50.02,Normal,-66.4,33.3,Normal
MTR-0019,2026-09-30 10:00:00,13.132139,100.948829,235.78,2.27,0.49,3220.52,0.912,50.03,Normal,-75.4,30.9,Normal
MTR-0020,2026-09-30 10:00:00,13.109446,100.923842,215.44,2.36,0.48,2668.1,0.943,49.99,Normal,-67.2,31.6,Normal
MTR-0021,2026-09-30 10:00:00,13.238954,100.936335,235.74,6.49,1.45,2066.76,0.947,49.98,Normal,-60.7,33.9,Normal
MTR-0022,2026-09-30 10:00:00,13.16284,100.963734,235.49,4.25,0.97,4917.13,0.974,49.96,Normal,-48.9,31.9,Normal
MTR-0023,2026-09-30 10:00:00,13.176039,100.885998,233.51,2.42,0.54,842.9,0.949,50.04,Normal,-66.2,36.0,Normal
MTR-0024,2026-09-30 10:00:00,13.108886,101.046081,218.94,0.99,0.21,4871.72,0.956,49.98,Normal,-72.3,31.4,Normal
MTR-0025,2026-09-30 10:00:00,13.148503,100.875669,234.09,1.5,0.34,4376.89,0.97,49.99,Normal,-49.5,34.5,Normal
MTR-0026,2026-09-30 10:00:00,13.177992,100.86422,228.75,3.76,0.84,1067.17,0.981,50.01,Normal,-67.5,38.1,Normal
MTR-0027,2026-09-30 10:00:00,13.121205,100.994696,216.35,1.15,0.24,3133.68,0.947,50.01,Normal,-78.7,33.9,Normal
MTR-0028,2026-09-30 10:00:00,13.189906,100.974541,235.49,43.77,9.55,18640.43,0.926,50.02,High_Load,-61.8,35.2,Abnormal_Load
MTR-0029,2026-09-30 10:00:00,13.145971,100.965327,236.22,1.86,0.42,3166.09,0.95,49.99,Normal,-65.9,35.0,Normal
MTR-0030,2026-09-30 10:00:00,13.159874,100.965559,219.48,3.13,0.64,4759.2,0.936,49.97,Normal,-42.3,34.0,Normal
MTR-0031,2026-09-30 10:00:00,13.145923,100.930326,229.88,3.09,0.66,4929.17,0.931,49.96,Normal,-58.7,33.8,Normal
MTR-0032,2026-09-30 10:00:00,13.256353,100.881651,235.94,3.17,0.67,2456.33,0.893,49.98,Normal,-64.3,32.0,Normal
MTR-0033,2026-09-30 10:00:00,13.172393,100.935169,235.15,2.51,0.55,2242.24,0.923,49.97,Normal,-71.3,34.5,Normal
MTR-0034,2026-09-30 10:00:00,13.125403,100.893756,233.18,2.48,0.52,4897.53,0.906,49.99,Normal,-60.0,33.0,Normal
MTR-0035,2026-09-30 10:00:00,13.210015,100.984632,215.76,2.17,0.46,3656.92,0.981,50.04,Normal,-49.9,39.4,Normal
MTR-0036,2026-09-30 10:00:00,13.118062,100.922912,232.65,3.73,0.83,1001.11,0.955,49.99,Normal,-60.2,36.8,Normal
MTR-0037,2026-09-30 10:00:00,13.182399,100.885598,227.91,4.31,0.93,650.89,0.947,49.99,Normal,-70.6,28.9,Normal
MTR-0038,2026-09-30 10:00:00,13.084815,100.913324,233.98,1.73,0.38,3131.99,0.932,50.0,Normal,-58.2,29.1,Normal
MTR-0039,2026-09-30 10:00:00,13.113232,100.953711,230.28,2.93,0.64,4868.31,0.951,49.99,Normal,-63.4,33.5,Normal
MTR-0040,2026-09-30 10:00:00,13.181859,100.899995,228.9,3.28,0.7,4460.18,0.929,50.0,Normal,-59.0,32.6,Normal
MTR-0041,2026-09-30 10:00:00,13.206231,100.885778,232.2,3.26,0.72,3660.28,0.954,50.02,Normal,-66.2,33.4,Normal
MTR-0042,2026-09-30 10:00:00,13.180712,100.944403,228.14,3.23,0.71,1110.8,0.956,50.03,Normal,-66.4,36.3,Normal
MTR-0043,2026-09-30 10:00:00,13.167796,100.944473,228.88,68.69,14.84,15836.48,0.944,50.03,High_Load,-66.8,35.1,Abnormal_Load
MTR-0044,2026-09-30 10:00:00,13.15945,100.903118,226.22,3.4,0.71,4608.68,0.928,50.06,Normal,-54.5,35.1,Normal
MTR-0045,2026-09-30 10:00:00,13.106467,100.905093,220.97,3.96,0.85,1318.33,0.974,50.02,Normal,-66.3,39.1,Normal
MTR-0046,2026-09-30 10:00:00,13.140607,100.943763,231.84,3.2,0.7,1772.59,0.949,50.07,Normal,-67.1,29.1,Normal
MTR-0047,2026-09-30 10:00:00,13.152271,100.851355,224.97,3.77,0.79,1065.6,0.93,49.98,Normal,-71.5,34.4,Normal
MTR-0048,2026-09-30 10:00:00,13.220571,100.853589,228.0,45.65,9.63,8908.07,0.925,50.06,High_Load,-58.9,32.0,Abnormal_Load
MTR-0049,2026-09-30 10:00:00,13.188463,100.891486,230.43,1.3,0.28,4933.92,0.925,49.99,Normal,-60.2,39.0,Normal
MTR-0050,2026-09-30 10:00:00,13.093663,100.91926,218.57,4.59,0.95,1727.6,0.948,49.99,Normal,-67.0,26.3,Normal
MTR-0051,2026-09-30 10:00:00,13.187584,100.9481,219.69,3.5,0.75,2708.18,0.971,50.0,Normal,-69.4,26.4,Normal
MTR-0052,2026-09-30 10:00:00,13.155671,101.012145,227.5,1.82,0.39,3463.11,0.949,49.99,Normal,-46.1,35.1,Normal
MTR-0053,2026-09-30 10:00:00,13.142539,100.978171,231.27,4.3,1.0,5197.46,1.0,50.0,Normal,-79.9,37.9,Normal
MTR-0054,2026-09-30 10:00:00,13.200525,100.922203,232.72,2.51,0.56,947.84,0.961,49.98,Normal,-58.6,36.7,Normal
MTR-0055,2026-09-30 10:00:00,13.219395,100.929954,221.04,2.67,0.56,2818.21,0.956,50.02,Normal,-51.4,31.2,Normal
MTR-0056,2026-09-30 10:00:00,13.214908,100.875861,232.18,2.39,0.51,2279.32,0.927,49.98,Normal,-93.5,39.3,Normal
MTR-0057,2026-09-30 10:00:00,13.135235,100.929982,227.77,3.44,0.74,4562.65,0.944,50.02,Normal,-55.9,29.7,Normal
MTR-0058,2026-09-30 10:00:00,13.159085,100.915124,224.58,2.11,0.44,2710.85,0.931,50.05,Normal,-65.0,38.6,Normal
MTR-0059,2026-09-30 10:00:00,13.187907,100.94875,225.76,4.5,0.91,977.14,0.896,49.99,Normal,-60.7,30.2,Normal
MTR-0060,2026-09-30 10:00:00,13.2169,100.885502,233.01,2.82,0.64,3463.51,0.974,50.02,Normal,-65.9,32.8,Normal
MTR-0061,2026-09-30 10:00:00,13.151437,100.959564,230.37,2.55,0.55,4111.21,0.937,50.02,Normal,-53.3,36.2,Normal
MTR-0062,2026-09-30 10:00:00,13.164645,101.015301,229.25,4.21,0.9,463.69,0.931,50.07,Normal,-59.7,28.9,Normal
MTR-0063,2026-09-30 10:00:00,13.123215,100.925018,230.22,2.6,0.57,4530.04,0.955,49.98,Normal,-61.8,39.1,Normal
MTR-0064,2026-09-30 10:00:00,13.119171,100.953094,233.64,4.6,1.03,1333.61,0.963,50.02,Normal,-71.1,32.7,Normal
MTR-0065,2026-09-30 10:00:00,13.209564,100.968958,228.51,4.66,1.0,3072.33,0.942,49.95,Normal,-46.1,34.5,Normal
MTR-0066,2026-09-30 10:00:00,13.234031,100.908933,229.27,1.65,0.36,2425.04,0.95,49.99,Normal,-62.9,38.1,Normal
MTR-0067,2026-09-30 10:00:00,13.16976,100.943325,234.69,4.94,1.12,3868.36,0.969,50.01,Normal,-42.4,31.2,Normal
MTR-0068,2026-09-30 10:00:00,13.218159,100.931693,227.34,1.55,0.33,2213.02,0.941,50.04,Normal,-45.7,37.7,Normal
MTR-0069,2026-09-30 10:00:00,13.189274,100.936372,232.09,5.08,1.13,4581.38,0.958,49.96,Normal,-79.0,39.7,Normal
MTR-0070,2026-09-30 10:00:00,13.14397,100.888484,226.48,7.47,1.54,3919.86,0.909,50.02,Normal,-68.9,31.7,Normal
MTR-0071,2026-09-30 10:00:00,13.189263,100.932348,226.92,4.45,0.93,3526.64,0.919,50.0,Normal,-72.3,38.8,Normal
MTR-0072,2026-09-30 10:00:00,13.242212,100.95839,228.48,1.14,0.25,4232.14,0.965,49.95,Normal,-63.4,27.8,Normal
MTR-0073,2026-09-30 10:00:00,13.171388,101.010813,231.58,4.84,1.03,4031.61,0.918,50.01,Normal,-61.3,35.4,Normal
MTR-0074,2026-09-30 10:00:00,13.243409,100.98376,234.97,8.24,1.85,620.71,0.956,50.05,Normal,-60.9,29.7,Normal
MTR-0075,2026-09-30 10:00:00,13.055111,101.049425,229.48,2.62,0.57,2324.99,0.946,49.97,Normal,-53.5,37.3,Normal
MTR-0076,2026-09-30 10:00:00,13.209986,100.888796,221.5,2.95,0.62,4871.33,0.941,50.0,Normal,-49.6,37.0,Normal
MTR-0077,2026-09-30 10:00:00,13.176917,100.978978,232.16,1.76,0.38,1047.19,0.929,49.97,Normal,-54.3,41.3,Normal
MTR-0078,2026-09-30 10:00:00,13.159545,100.941084,241.27,3.45,0.81,3951.21,0.973,49.99,Normal,-68.0,39.0,Normal
MTR-0079,2026-09-30 10:00:00,13.177129,101.051439,229.54,5.31,1.21,5079.31,0.993,50.04,Normal,-70.0,33.4,Normal
MTR-0080,2026-09-30 10:00:00,13.083559,100.886544,220.46,43.44,8.83,23478.12,0.922,49.99,High_Load,-63.0,30.2,Abnormal_Load
MTR-0081,2026-09-30 10:00:00,13.163115,100.884815,229.85,12.0,2.64,3690.42,0.958,50.04,Normal,-59.2,36.0,Normal
MTR-0082,2026-09-30 10:00:00,13.18907,100.898033,228.98,3.04,0.65,2673.73,0.933,50.03,Normal,-64.6,33.8,Normal
MTR-0083,2026-09-30 10:00:00,13.239505,100.814186,228.56,1.44,0.3,3201.08,0.92,49.99,Normal,-75.1,39.4,Normal
MTR-0084,2026-09-30 10:00:00,13.149678,100.902083,233.73,3.24,0.72,855.37,0.949,49.98,Normal,-56.9,26.4,Normal
MTR-0085,2026-09-30 10:00:00,13.136618,100.889248,235.89,1.01,0.22,654.28,0.926,49.97,Normal,-66.5,41.7,Normal
MTR-0086,2026-09-30 10:00:00,13.150421,100.939272,232.42,2.36,0.5,3617.62,0.906,49.97,Normal,-66.8,35.9,Normal
MTR-0087,2026-09-30 10:00:00,13.214193,100.949797,228.33,6.23,1.38,4360.72,0.97,50.01,Normal,-63.5,31.2,Normal
MTR-0088,2026-09-30 10:00:00,13.187794,101.034189,234.63,3.47,0.79,4164.57,0.971,50.0,Normal,-65.2,36.6,Normal
MTR-0089,2026-09-30 10:00:00,13.149161,100.983273,221.53,3.25,0.67,3033.08,0.929,49.98,Normal,-66.3,38.5,Normal
MTR-0090,2026-09-30 10:00:00,13.196097,100.89927,225.42,6.81,1.47,924.37,0.956,49.95,Normal,-74.5,34.4,Normal
MTR-0091,2026-09-30 10:00:00,13.177368,100.881587,225.98,2.66,0.59,3718.21,0.975,50.0,Normal,-64.0,27.8,Normal
MTR-0092,2026-09-30 10:00:00,13.216589,100.958056,228.85,5.29,1.16,1598.97,0.955,49.99,Normal,-56.7,33.0,Normal
MTR-0093,2026-09-30 10:00:00,13.141408,100.858387,231.53,3.18,0.68,4777.58,0.92,49.99,Normal,-60.6,37.6,Normal
MTR-0094,2026-09-30 10:00:00,13.158255,101.03173,228.0,3.56,0.77,4431.76,0.944,50.01,Normal,-54.5,35.7,Normal
MTR-0095,2026-09-30 10:00:00,13.155355,100.995869,224.47,1.73,0.38,3819.57,0.983,49.92,Normal,-69.6,33.5,Normal
MTR-0096,2026-09-30 10:00:00,13.107142,100.905195,233.87,2.41,0.54,4957.02,0.956,49.95,Normal,-74.5,38.6,Normal
MTR-0097,2026-09-30 10:00:00,13.186325,100.836778,227.82,1.6,0.35,599.25,0.963,50.07,Normal,-65.2,36.6,Normal
MTR-0098,2026-09-30 10:00:00,13.184747,101.005463,229.51,2.87,0.63,3946.95,0.959,49.98,Normal,-68.5,36.9,Normal
MTR-0099,2026-09-30 10:00:00,13.17323,100.9247,231.76,3.58,0.77,2018.65,0.929,49.92,Normal,-67.6,32.6,Normal
MTR-0100,2026-09-30 10:00:00,13.162444,100.99908,229.19,41.09,9.1,17265.87,0.967,49.96,High_Load,-61.1,32.2,Abnormal_Load
MTR-0101,2026-09-30 10:00:00,13.109308,100.843306,229.22,7.54,1.66,1716.71,0.958,50.07,Normal,-67.5,28.1,Normal
MTR-0102,2026-09-30 10:00:00,13.154071,100.898034,234.15,3.4,0.77,3893.07,0.97,49.98,Normal,-74.3,33.1,Normal
MTR-0103,2026-09-30 10:00:00,13.157578,100.931288,229.76,3.08,0.69,4618.82,0.977,50.03,Normal,-68.0,37.3,Normal
MTR-0104,2026-09-30 10:00:00,13.136898,100.933584,233.31,4.24,0.92,647.87,0.929,50.0,Normal,-59.9,33.3,Normal
MTR-0105,2026-09-30 10:00:00,13.165742,100.906246,231.72,2.07,0.46,2338.83,0.961,49.99,Normal,-57.0,35.6,Normal
MTR-0106,2026-09-30 10:00:00,13.191182,100.965257,239.08,3.23,0.76,4070.97,0.98,50.02,Normal,-57.0,37.9,Normal
MTR-0107,2026-09-30 10:00:00,13.257878,100.872281,231.05,2.17,0.46,2610.86,0.925,49.93,Normal,-59.2,35.3,Normal
MTR-0108,2026-09-30 10:00:00,13.180856,100.923169,232.19,6.05,1.39,1719.45,0.987,49.96,Normal,-64.5,35.6,Normal
MTR-0109,2026-09-30 10:00:00,13.18459,100.937616,234.51,1.86,0.43,1494.08,0.991,49.99,Normal,-59.4,29.2,Normal
MTR-0110,2026-09-30 10:00:00,13.16965,100.959294,229.32,3.09,0.71,1074.71,1.0,49.96,Normal,-63.4,32.9,Normal
MTR-0111,2026-09-30 10:00:00,13.086655,100.970139,225.81,3.48,0.75,4521.37,0.956,49.98,Normal,-62.0,40.0,Normal
MTR-0112,2026-09-30 10:00:00,13.171807,100.869145,226.63,3.58,0.78,3182.94,0.956,50.03,Normal,-71.5,34.4,Normal
MTR-0113,2026-09-30 10:00:00,13.17571,100.846624,226.68,2.31,0.51,812.83,0.971,50.0,Normal,-62.6,40.6,Normal
MTR-0114,2026-09-30 10:00:00,13.283846,101.001272,224.25,2.0,0.44,2267.26,0.97,50.04,Normal,-59.6,31.5,Normal
MTR-0115,2026-09-30 10:00:00,13.164344,100.949277,230.59,2.32,0.52,2196.73,0.978,50.01,Normal,-59.9,34.8,Normal
MTR-0116,2026-09-30 10:00:00,13.18657,100.889833,225.85,3.81,0.83,1313.26,0.97,50.03,Normal,-74.6,32.7,Normal
MTR-0117,2026-09-30 10:00:00,13.171438,101.016313,229.97,2.81,0.61,2518.66,0.947,50.0,Normal,-62.1,36.1,Normal
MTR-0118,2026-09-30 10:00:00,13.120409,100.937362,228.21,4.29,0.96,2027.47,0.981,49.98,Normal,-76.0,37.1,Normal
MTR-0119,2026-09-30 10:00:00,13.224427,100.995861,228.79,3.72,0.79,2073.57,0.923,50.04,Normal,-61.4,36.1,Normal
MTR-0120,2026-09-30 10:00:00,13.206837,100.934714,231.78,1.08,0.24,3960.38,0.95,49.98,Normal,-69.3,37.6,Normal
MTR-0121,2026-09-30 10:00:00,13.208596,101.044341,226.29,3.35,0.75,1510.5,0.989,50.01,Normal,-47.6,34.0,Normal
MTR-0122,2026-09-30 10:00:00,13.132078,101.027544,232.19,8.26,1.76,3498.83,0.919,50.02,Normal,-61.9,33.3,Normal
MTR-0123,2026-09-30 10:00:00,13.236126,100.917307,236.84,5.45,1.2,3160.59,0.933,50.03,Normal,-55.8,27.8,Normal
MTR-0124,2026-09-30 10:00:00,13.109917,100.984436,230.72,3.63,0.81,3148.44,0.967,49.97,Normal,-44.0,36.2,Normal
MTR-0125,2026-09-30 10:00:00,13.199409,100.966496,225.09,1.86,0.4,3599.28,0.96,50.03,Normal,-70.4,34.6,Normal
MTR-0126,2026-09-30 10:00:00,13.271571,101.006275,225.92,3.72,0.78,3054.81,0.928,49.97,Normal,-59.1,33.8,Normal
MTR-0127,2026-09-30 10:00:00,13.128426,100.877929,227.76,4.18,0.9,4626.46,0.94,50.02,Normal,-73.7,33.3,Normal
MTR-0128,2026-09-30 10:00:00,13.147517,100.968733,226.03,2.68,0.56,3659.01,0.92,50.02,Normal,-59.9,33.9,Normal
MTR-0129,2026-09-30 10:00:00,13.177484,100.989213,224.04,3.46,0.76,3048.08,0.975,50.02,Normal,-47.1,33.2,Normal
MTR-0130,2026-09-30 10:00:00,13.150344,100.834269,229.77,5.92,1.28,4391.37,0.944,49.96,Normal,-68.7,32.2,Normal
MTR-0131,2026-09-30 10:00:00,13.10322,100.865921,227.89,2.04,0.46,3329.2,0.995,50.02,Normal,-71.0,34.8,Normal
MTR-0132,2026-09-30 10:00:00,13.176085,100.818842,229.95,1.86,0.41,1832.94,0.952,50.03,Normal,-63.8,35.7,Normal
MTR-0133,2026-09-30 10:00:00,13.125196,100.916183,234.93,4.1,0.91,1433.7,0.945,50.01,Normal,-44.6,31.3,Normal
MTR-0134,2026-09-30 10:00:00,13.194312,100.970465,227.82,3.69,0.79,1173.56,0.942,49.98,Normal,-56.1,32.6,Normal
MTR-0135,2026-09-30 10:00:00,13.131626,101.01363,223.07,4.77,1.0,4722.41,0.944,50.03,Normal,-71.1,33.3,Normal
MTR-0136,2026-09-30 10:00:00,13.242747,100.935075,227.01,3.88,0.84,3823.14,0.953,50.0,Normal,-49.9,34.0,Normal
MTR-0137,2026-09-30 10:00:00,13.137754,101.020574,232.85,2.32,0.54,4902.55,1.0,49.95,Normal,-77.9,33.6,Normal
MTR-0138,2026-09-30 10:00:00,13.158507,100.855094,232.38,46.7,10.33,18313.19,0.952,49.97,High_Load,-43.8,36.3,Abnormal_Load
MTR-0139,2026-09-30 10:00:00,13.209608,100.837314,231.59,1.79,0.39,2698.65,0.942,49.98,Normal,-55.3,28.2,Normal
MTR-0140,2026-09-30 10:00:00,13.117611,100.927945,225.88,2.68,0.58,733.65,0.952,50.05,Normal,-47.1,28.8,Normal
MTR-0141,2026-09-30 10:00:00,13.183236,100.952124,232.76,3.76,0.86,3640.3,0.977,50.04,Normal,-77.8,34.7,Normal
MTR-0142,2026-09-30 10:00:00,13.231821,100.929202,233.88,2.55,0.55,3215.49,0.914,50.04,Normal,-61.5,31.9,Normal
MTR-0143,2026-09-30 10:00:00,13.100663,100.817291,225.52,9.11,1.97,5153.49,0.961,50.01,Normal,-64.2,37.1,Normal
MTR-0144,2026-09-30 10:00:00,13.181309,100.926098,228.79,1.28,0.27,1586.0,0.93,50.03,Normal,-72.1,38.1,Normal
MTR-0145,2026-09-30 10:00:00,13.184695,100.859254,239.1,2.34,0.54,2971.0,0.964,49.97,Normal,-74.7,34.8,Normal
MTR-0146,2026-09-30 10:00:00,13.208182,100.967832,225.3,1.97,0.42,3542.05,0.938,50.0,Normal,-58.4,30.2,Normal
MTR-0147,2026-09-30 10:00:00,13.117337,100.951163,220.47,2.19,0.43,3511.81,0.892,50.01,Normal,-57.6,37.7,Normal
MTR-0148,2026-09-30 10:00:00,13.113579,100.879307,235.91,2.25,0.51,3116.14,0.959,49.97,Normal,-51.3,34.7,Normal
MTR-0149,2026-09-30 10:00:00,13.196487,100.902737,234.68,1.65,0.37,4140.41,0.959,50.01,Normal,-67.5,28.8,Normal
MTR-0150,2026-09-30 10:00:00,13.186364,100.872743,226.72,4.21,0.89,1423.66,0.936,50.05,Normal,-64.3,29.1,Normal
MTR-0151,2026-09-30 10:00:00,13.184272,100.927553,228.44,2.35,0.5,3896.73,0.934,50.02,Normal,-75.4,39.3,Normal
MTR-0152,2026-09-30 10:00:00,13.18859,100.983533,222.88,3.23,0.66,3393.74,0.917,50.03,Normal,-49.1,38.7,Normal
MTR-0153,2026-09-30 10:00:00,13.142399,100.876785,229.44,2.47,0.55,4706.36,0.969,49.93,Normal,-62.4,25.2,Normal
MTR-0154,2026-09-30 10:00:00,13.183451,100.958723,234.83,2.2,0.5,4474.17,0.972,50.05,Normal,-56.5,29.2,Normal
MTR-0155,2026-09-30 10:00:00,13.186188,100.901836,226.29,6.37,1.34,1946.95,0.928,49.99,Normal,-56.2,38.0,Normal
MTR-0156,2026-09-30 10:00:00,13.140854,100.887392,233.39,4.54,0.99,1762.13,0.937,49.98,Normal,-49.9,33.9,Normal
MTR-0157,2026-09-30 10:00:00,13.25696,100.925113,231.32,1.29,0.28,5112.85,0.948,49.99,Normal,-70.5,36.5,Normal
MTR-0158,2026-09-30 10:00:00,13.194322,100.874062,231.89,1.23,0.29,2954.51,1.0,49.96,Normal,-56.7,33.8,Normal
MTR-0159,2026-09-30 10:00:00,13.119391,100.900549,226.58,4.8,1.05,4755.5,0.964,50.03,Normal,-63.2,36.3,Normal
MTR-0160,2026-09-30 10:00:00,13.202545,100.865117,227.23,2.37,0.5,1228.43,0.926,49.99,Normal,-44.0,34.0,Normal
MTR-0161,2026-09-30 10:00:00,13.129139,101.03906,219.77,1.43,0.3,3503.39,0.958,49.98,Normal,-70.5,32.5,Normal
MTR-0162,2026-09-30 10:00:00,13.208419,100.932939,226.17,4.8,0.99,4296.84,0.916,49.99,Normal,-52.5,37.7,Normal
MTR-0163,2026-09-30 10:00:00,13.225137,100.892515,234.82,3.24,0.74,4950.13,0.968,50.03,Normal,-59.8,34.7,Normal
MTR-0164,2026-09-30 10:00:00,13.136069,100.942769,224.35,3.36,0.75,2052.37,0.992,50.0,Normal,-60.3,36.3,Normal
MTR-0165,2026-09-30 10:00:00,13.216352,100.924822,225.1,4.32,0.96,3893.66,0.992,49.96,Normal,-62.5,34.6,Normal
MTR-0166,2026-09-30 10:00:00,13.191575,100.918847,232.2,1.66,0.37,3009.36,0.968,50.01,Normal,-50.9,32.3,Normal
MTR-0167,2026-09-30 10:00:00,13.209993,100.964779,231.01,1.44,0.31,737.99,0.935,49.97,Normal,-60.6,39.6,Normal
MTR-0168,2026-09-30 10:00:00,13.258356,100.972663,232.45,6.11,1.3,3727.5,0.917,49.94,Normal,-76.7,35.2,Normal
MTR-0169,2026-09-30 10:00:00,13.161958,100.901822,223.18,1.57,0.32,3727.96,0.915,50.04,Normal,-52.0,32.8,Normal
MTR-0170,2026-09-30 10:00:00,13.139082,100.89933,241.82,1.73,0.37,4870.38,0.88,50.01,Normal,-53.7,38.5,Normal
MTR-0171,2026-09-30 10:00:00,13.132972,100.915872,222.92,1.89,0.41,2812.23,0.967,50.0,Normal,-57.7,29.4,Normal
MTR-0172,2026-09-30 10:00:00,13.136289,100.804394,229.77,7.65,1.67,1543.69,0.947,49.99,Normal,-73.2,41.8,Normal
MTR-0173,2026-09-30 10:00:00,13.16953,100.847664,228.21,3.75,0.83,661.68,0.973,50.04,Normal,-71.8,33.4,Normal
MTR-0174,2026-09-30 10:00:00,13.188352,101.006178,223.07,4.63,1.02,2424.3,0.986,50.09,Normal,-79.9,29.6,Normal
MTR-0175,2026-09-30 10:00:00,13.185451,101.021473,227.15,3.28,0.71,1884.1,0.952,50.01,Normal,-58.9,40.7,Normal
MTR-0176,2026-09-30 10:00:00,13.210223,100.917303,229.12,2.29,0.5,4065.17,0.954,49.97,Normal,-75.1,32.4,Normal
MTR-0177,2026-09-30 10:00:00,13.173585,100.962711,225.75,3.99,0.84,2132.77,0.938,50.0,Normal,-78.5,34.9,Normal
MTR-0178,2026-09-30 10:00:00,13.238409,100.948119,233.69,1.49,0.33,4958.09,0.941,50.01,Normal,-51.5,36.5,Normal
MTR-0179,2026-09-30 10:00:00,13.16109,101.100338,228.19,1.83,0.4,5020.97,0.968,49.93,Normal,-56.1,38.1,Normal
MTR-0180,2026-09-30 10:00:00,13.295408,100.992577,222.29,4.17,0.88,3399.32,0.946,50.01,Normal,-66.0,35.0,Normal
MTR-0181,2026-09-30 10:00:00,13.201155,100.923965,221.87,1.63,0.34,4861.14,0.942,50.01,Normal,-64.2,31.7,Normal
MTR-0182,2026-09-30 10:00:00,13.134428,100.878445,232.03,2.76,0.61,4064.06,0.95,50.04,Normal,-84.7,34.8,Normal
MTR-0183,2026-09-30 10:00:00,13.12481,100.842645,221.57,2.81,0.61,3047.58,0.972,50.04,Normal,-54.7,32.5,Normal
MTR-0184,2026-09-30 10:00:00,13.194711,100.94219,230.58,2.36,0.51,1306.46,0.933,50.0,Normal,-69.2,34.9,Normal
MTR-0185,2026-09-30 10:00:00,13.162944,100.889401,231.22,1.25,0.27,2628.34,0.948,50.05,Normal,-60.0,39.7,Normal
MTR-0186,2026-09-30 10:00:00,13.20513,100.852776,224.02,2.26,0.48,3114.15,0.956,50.06,Normal,-85.4,36.6,Normal
MTR-0187,2026-09-30 10:00:00,13.194296,100.895438,233.45,2.07,0.47,4553.82,0.979,50.0,Normal,-54.2,34.7,Normal
MTR-0188,2026-09-30 10:00:00,13.169723,100.871515,220.41,3.23,0.67,2736.33,0.944,50.01,Normal,-69.8,36.6,Normal
MTR-0189,2026-09-30 10:00:00,13.134894,101.023793,230.48,3.15,0.68,4713.95,0.932,49.95,Normal,-75.4,36.8,Normal
MTR-0190,2026-09-30 10:00:00,13.104832,100.97949,228.8,3.56,0.76,3653.16,0.938,49.96,Normal,-66.1,30.2,Normal
MTR-0191,2026-09-30 10:00:00,13.152907,100.930562,228.41,56.96,12.13,18934.01,0.933,49.97,High_Load,-68.4,34.1,Abnormal_Load
MTR-0192,2026-09-30 10:00:00,13.211538,101.012397,223.11,3.8,0.85,5176.16,1.0,49.99,Normal,-53.3,43.0,Normal
MTR-0193,2026-09-30 10:00:00,13.182634,100.935255,224.31,1.49,0.31,2954.36,0.917,49.97,Normal,-66.8,38.2,Normal
MTR-0194,2026-09-30 10:00:00,13.116942,100.883629,237.09,1.32,0.29,2311.33,0.923,50.0,Normal,-50.7,32.2,Normal
MTR-0195,2026-09-30 10:00:00,13.180793,101.014772,235.08,1.05,0.23,3580.79,0.946,49.99,Normal,-60.0,31.9,Normal
MTR-0196,2026-09-30 10:00:00,13.190339,100.96064,232.71,2.4,0.53,967.24,0.953,50.03,Normal,-55.0,31.8,Normal
MTR-0197,2026-09-30 10:00:00,13.133226,100.873951,233.7,2.14,0.48,3473.56,0.97,49.99,Normal,-63.0,37.0,Normal
MTR-0198,2026-09-30 10:00:00,13.179918,100.920531,233.23,4.28,0.93,2816.62,0.928,49.93,Normal,-51.6,39.6,Normal
MTR-0199,2026-09-30 10:00:00,13.175619,100.882841,227.38,2.24,0.47,2381.7,0.923,50.0,Normal,-73.4,36.0,Normal
MTR-0200,2026-09-30 10:00:00,13.121566,100.854946,229.24,3.39,0.74,4976.85,0.953,50.0,Normal,-62.0,34.6,Normal
MTR-0201,2026-09-30 10:00:00,13.1891,100.98194,221.64,4.33,0.9,2932.06,0.944,49.97,Normal,-66.6,32.4,Normal
MTR-0202,2026-09-30 10:00:00,13.198235,101.036018,228.55,2.2,0.49,1490.81,0.973,50.0,Normal,-50.4,35.2,Normal
MTR-0203,2026-09-30 10:00:00,13.221737,100.854079,234.92,3.43,0.78,2630.08,0.962,49.97,Normal,-49.5,31.1,Normal
MTR-0204,2026-09-30 10:00:00,13.220421,100.961963,225.7,4.71,1.02,4817.09,0.964,50.01,Normal,-63.0,27.2,Normal
MTR-0205,2026-09-30 10:00:00,13.111005,100.895215,234.12,51.05,10.74,24495.76,0.899,50.08,High_Load,-74.6,39.7,Abnormal_Load
MTR-0206,2026-09-30 10:00:00,13.130798,100.904208,229.46,35.88,7.92,13800.58,0.962,49.95,High_Load,-59.2,30.5,Abnormal_Load
MTR-0207,2026-09-30 10:00:00,13.196177,100.898418,222.07,2.21,0.46,511.89,0.929,49.98,Normal,-78.0,32.9,Normal
MTR-0208,2026-09-30 10:00:00,13.19612,100.883481,223.46,1.77,0.38,517.4,0.965,49.98,Normal,-48.4,36.3,Normal
MTR-0209,2026-09-30 10:00:00,13.196177,100.933669,233.6,1.5,0.32,4389.61,0.918,49.99,Normal,-67.3,39.0,Normal
MTR-0210,2026-09-30 10:00:00,13.346373,100.885298,231.76,1.76,0.38,3927.58,0.923,50.03,Normal,-63.3,34.9,Normal
MTR-0211,2026-09-30 10:00:00,13.19869,100.945875,229.51,3.08,0.66,2136.45,0.935,50.02,Normal,-69.1,29.8,Normal
MTR-0212,2026-09-30 10:00:00,13.2241,100.928237,227.63,1.45,0.33,3766.98,0.991,50.03,Normal,-71.1,32.9,Normal
MTR-0213,2026-09-30 10:00:00,13.21593,100.917858,230.05,2.34,0.52,2327.23,0.957,50.0,Normal,-56.4,31.6,Normal
MTR-0214,2026-09-30 10:00:00,13.202313,100.881084,233.4,4.33,0.94,4976.26,0.935,49.96,Normal,-64.4,33.9,Normal
MTR-0215,2026-09-30 10:00:00,13.158813,100.899278,236.38,3.67,0.83,5043.5,0.959,49.97,Normal,-62.6,38.3,Normal
MTR-0216,2026-09-30 10:00:00,13.207154,100.972547,236.62,2.36,0.53,2315.77,0.951,50.02,Normal,-72.0,25.1,Normal
MTR-0217,2026-09-30 10:00:00,13.138223,100.95855,230.86,6.42,1.39,4507.55,0.938,50.01,Normal,-55.3,32.6,Normal
MTR-0218,2026-09-30 10:00:00,13.162343,100.877234,228.14,7.03,1.47,4122.17,0.915,50.04,Normal,-54.4,32.3,Normal
MTR-0219,2026-09-30 10:00:00,13.151159,100.936463,229.73,3.04,0.69,1922.5,0.986,50.01,Normal,-64.9,29.6,Normal
MTR-0220,2026-09-30 10:00:00,13.176684,100.972326,231.61,0.99,0.22,1552.19,0.955,49.96,Normal,-51.6,36.0,Normal
MTR-0221,2026-09-30 10:00:00,13.27716,100.839183,231.59,4.47,1.04,2626.61,1.0,49.98,Normal,-63.9,29.0,Normal
MTR-0222,2026-09-30 10:00:00,13.088973,100.960885,235.54,1.07,0.25,4161.41,0.974,50.02,Normal,-56.0,29.5,Normal
MTR-0223,2026-09-30 10:00:00,13.203882,100.894556,239.58,5.83,1.35,5010.8,0.964,50.02,Normal,-77.6,37.0,Normal
MTR-0224,2026-09-30 10:00:00,13.100428,100.962383,227.97,4.89,1.05,4077.0,0.939,50.03,Normal,-59.8,39.3,Normal
MTR-0225,2026-09-30 10:00:00,13.151763,100.889021,239.78,6.67,1.47,4512.23,0.923,49.97,Normal,-65.4,33.7,Normal
MTR-0226,2026-09-30 10:00:00,13.222003,100.831731,234.86,3.37,0.75,3314.56,0.945,49.96,Normal,-61.6,29.7,Normal
MTR-0227,2026-09-30 10:00:00,13.175893,100.841485,228.5,2.55,0.54,4418.19,0.922,49.99,Normal,-62.0,31.5,Normal
MTR-0228,2026-09-30 10:00:00,13.124501,100.933645,236.49,2.45,0.56,4176.0,0.966,50.04,Normal,-61.9,37.5,Normal
MTR-0229,2026-09-30 10:00:00,13.140811,100.945285,237.43,2.35,0.55,2240.68,0.991,49.98,Normal,-57.5,34.4,Normal
MTR-0230,2026-09-30 10:00:00,13.203582,100.881263,226.7,4.67,1.0,3071.95,0.943,50.01,Normal,-68.1,33.6,Normal
MTR-0231,2026-09-30 10:00:00,13.140134,100.966123,237.66,4.13,0.96,4272.58,0.974,50.01,Normal,-57.9,35.1,Normal
MTR-0232,2026-09-30 10:00:00,13.182741,100.839616,234.38,3.17,0.69,668.77,0.933,50.02,Normal,-51.9,33.9,Normal
MTR-0233,2026-09-30 10:00:00,13.175051,100.927366,240.84,2.17,0.49,4288.38,0.942,50.05,Normal,-75.7,39.4,Normal
MTR-0234,2026-09-30 10:00:00,13.143678,100.864394,226.88,9.79,2.07,1294.97,0.93,50.05,Normal,-70.0,31.4,Normal
MTR-0235,2026-09-30 10:00:00,13.269477,100.895149,227.23,4.52,0.92,2894.75,0.897,49.98,Normal,-69.6,31.0,Normal
MTR-0236,2026-09-30 10:00:00,13.201526,100.933607,218.87,1.46,0.3,4289.31,0.949,49.94,Normal,-72.8,29.2,Normal
MTR-0237,2026-09-30 10:00:00,13.081869,100.883677,231.86,2.38,0.53,1655.65,0.953,49.98,Normal,-67.3,32.1,Normal
MTR-0238,2026-09-30 10:00:00,13.18139,100.909849,230.88,4.56,1.03,1617.59,0.977,50.0,Normal,-53.7,30.2,Normal
MTR-0239,2026-09-30 10:00:00,13.14322,100.986346,226.19,2.09,0.46,2363.13,0.97,49.99,Normal,-50.0,34.8,Normal
MTR-0240,2026-09-30 10:00:00,13.21136,100.899271,228.59,3.51,0.78,4699.55,0.97,50.06,Normal,-62.0,34.1,Normal
MTR-0241,2026-09-30 10:00:00,13.137337,100.976963,222.44,4.6,0.95,452.1,0.926,50.0,Normal,-65.9,30.2,Normal
MTR-0242,2026-09-30 10:00:00,13.167837,100.868866,234.99,0.65,0.15,4731.57,0.961,50.02,Normal,-55.8,36.1,Normal
MTR-0243,2026-09-30 10:00:00,13.195724,100.960139,226.55,2.86,0.64,1180.58,0.99,50.01,Normal,-84.3,39.3,Normal
MTR-0244,2026-09-30 10:00:00,13.211959,101.010286,244.47,2.91,0.68,5152.91,0.959,49.99,Normal,-72.5,35.3,Normal
MTR-0245,2026-09-30 10:00:00,13.118987,100.79506,228.12,2.49,0.57,4985.52,0.996,49.94,Normal,-83.9,25.1,Normal
MTR-0246,2026-09-30 10:00:00,13.157947,100.887171,225.2,3.44,0.77,2799.71,1.0,50.0,Normal,-72.6,41.0,Normal
MTR-0247,2026-09-30 10:00:00,13.151627,100.962739,226.94,4.03,0.86,2885.42,0.943,50.1,Normal,-69.9,36.6,Normal
MTR-0248,2026-09-30 10:00:00,13.1436,100.919833,221.94,3.2,0.66,2737.36,0.933,49.96,Normal,-49.7,40.8,Normal
MTR-0249,2026-09-30 10:00:00,13.252445,100.951413,231.41,2.54,0.55,3468.36,0.931,49.95,Normal,-87.8,37.8,Normal
MTR-0250,2026-09-30 10:00:00,13.191224,100.897781,226.9,3.99,0.83,880.93,0.912,50.06,Normal,-66.8,38.5,Normal
MTR-0251,2026-09-30 10:00:00,13.11626,100.935762,234.66,3.07,0.67,604.94,0.937,50.02,Normal,-57.4,34.7,Normal
MTR-0252,2026-09-30 10:00:00,13.214304,100.922438,227.63,2.7,0.6,724.09,0.98,50.01,Normal,-59.3,33.1,Normal
MTR-0253,2026-09-30 10:00:00,13.268497,100.995228,235.92,1.66,0.35,2560.74,0.895,50.04,Normal,-49.8,35.3,Normal
MTR-0254,2026-09-30 10:00:00,13.219461,100.944993,232.79,1.49,0.32,1758.85,0.924,49.98,Normal,-61.6,31.5,Normal
MTR-0255,2026-09-30 10:00:00,13.104628,100.949568,229.14,1.65,0.36,3404.69,0.947,50.0,Normal,-59.6,35.5,Normal
MTR-0256,2026-09-30 10:00:00,13.151209,100.908347,236.9,3.4,0.75,5164.1,0.928,50.03,Normal,-79.5,25.0,Normal
MTR-0257,2026-09-30 10:00:00,13.230011,100.904182,233.76,2.9,0.63,2285.04,0.937,50.06,Normal,-71.9,34.2,Normal
MTR-0258,2026-09-30 10:00:00,13.141155,100.907209,243.73,1.54,0.35,3175.75,0.937,49.96,Normal,-79.0,38.7,Normal
MTR-0259,2026-09-30 10:00:00,13.192972,100.952695,226.95,4.01,0.86,2424.12,0.944,50.04,Normal,-57.8,34.3,Normal
MTR-0260,2026-09-30 10:00:00,13.207859,100.907846,229.38,5.57,1.19,4474.54,0.932,50.01,Normal,-59.9,40.0,Normal
MTR-0261,2026-09-30 10:00:00,13.131288,100.946938,236.84,2.29,0.5,4735.62,0.93,50.0,Normal,-60.2,33.1,Normal
MTR-0262,2026-09-30 10:00:00,13.170321,101.045147,221.28,1.37,0.3,4617.44,0.973,50.0,Normal,-70.9,37.5,Normal
MTR-0263,2026-09-30 10:00:00,13.027143,100.978912,235.58,2.18,0.5,5078.27,0.976,49.96,Normal,-71.8,30.9,Normal
MTR-0264,2026-09-30 10:00:00,13.126903,100.913069,231.2,4.41,0.93,580.72,0.915,50.03,Normal,-61.1,37.4,Normal
MTR-0265,2026-09-30 10:00:00,13.161634,100.997067,224.56,3.84,0.76,4439.13,0.881,49.98,Normal,-69.0,34.8,Normal
MTR-0266,2026-09-30 10:00:00,13.11685,100.908556,222.18,1.98,0.43,4020.92,0.977,49.97,Normal,-72.2,33.2,Normal
MTR-0267,2026-09-30 10:00:00,13.246459,100.818903,225.64,5.95,1.23,1536.3,0.919,50.03,Normal,-67.6,25.0,Normal
MTR-0268,2026-09-30 10:00:00,13.108644,100.875555,217.58,5.5,1.14,4992.52,0.955,50.02,Normal,-68.9,33.1,Normal
MTR-0269,2026-09-30 10:00:00,13.153198,100.828106,226.55,2.16,0.45,1153.85,0.911,50.0,Normal,-70.8,34.7,Normal
MTR-0270,2026-09-30 10:00:00,13.178883,100.911667,232.11,2.15,0.49,3677.86,0.982,50.03,Normal,-74.0,36.9,Normal
MTR-0271,2026-09-30 10:00:00,13.237857,100.932013,226.62,2.3,0.52,1518.23,1.0,50.04,Normal,-59.0,39.5,Normal
MTR-0272,2026-09-30 10:00:00,13.108386,101.023204,235.94,2.39,0.54,2499.06,0.955,50.04,Normal,-49.0,41.1,Normal
MTR-0273,2026-09-30 10:00:00,13.225342,100.948981,237.3,4.6,1.03,3866.01,0.948,49.98,Normal,-63.4,38.4,Normal
MTR-0274,2026-09-30 10:00:00,13.17346,100.918949,235.38,3.63,0.81,3125.79,0.942,50.03,Normal,-61.0,32.0,Normal
MTR-0275,2026-09-30 10:00:00,13.128832,100.976617,230.15,4.45,0.99,2480.63,0.97,50.01,Normal,-58.2,32.9,Normal
MTR-0276,2026-09-30 10:00:00,13.193795,100.809388,217.38,4.06,0.85,2000.11,0.964,50.05,Normal,-59.7,36.6,Normal
MTR-0277,2026-09-30 10:00:00,13.181958,100.943959,225.48,6.49,1.43,4438.38,0.975,50.0,Normal,-70.6,35.8,Normal
MTR-0278,2026-09-30 10:00:00,13.14599,100.973398,228.29,1.86,0.4,1133.12,0.934,49.99,Normal,-47.5,39.7,Normal
MTR-0279,2026-09-30 10:00:00,13.176141,100.849678,224.53,3.56,0.77,2492.99,0.959,49.98,Normal,-69.8,42.7,Normal
MTR-0280,2026-09-30 10:00:00,13.155661,100.993906,228.3,1.13,0.24,4742.85,0.936,50.01,Normal,-57.2,41.9,Normal
MTR-0281,2026-09-30 10:00:00,13.178108,100.949617,237.05,1.66,0.36,4467.79,0.924,50.01,Normal,-58.2,39.2,Normal
MTR-0282,2026-09-30 10:00:00,13.202796,100.908159,220.77,2.9,0.61,2354.47,0.949,50.01,Normal,-80.6,35.8,Normal
MTR-0283,2026-09-30 10:00:00,13.244371,100.965803,238.06,3.62,0.8,4074.76,0.927,50.01,Normal,-66.2,38.7,Normal
MTR-0284,2026-09-30 10:00:00,13.117298,101.055888,233.42,2.87,0.66,4360.01,0.979,50.02,Normal,-62.5,39.8,Normal
MTR-0285,2026-09-30 10:00:00,13.268987,100.941003,230.34,2.32,0.5,4672.22,0.928,49.99,Normal,-61.8,33.5,Normal
MTR-0286,2026-09-30 10:00:00,13.085156,100.944652,225.43,2.52,0.54,3036.4,0.959,49.97,Normal,-60.3,32.1,Normal
MTR-0287,2026-09-30 10:00:00,13.16617,100.905735,224.63,5.56,1.17,1421.19,0.935,49.97,Normal,-56.2,31.3,Normal
MTR-0288,2026-09-30 10:00:00,13.199474,100.884259,220.87,43.59,8.76,9226.62,0.91,50.03,High_Load,-63.1,30.9,Abnormal_Load
MTR-0289,2026-09-30 10:00:00,13.185645,100.976668,237.58,6.59,1.47,1854.55,0.937,50.01,Normal,-59.8,29.2,Normal
MTR-0290,2026-09-30 10:00:00,13.144979,100.883915,236.69,4.29,0.93,3270.56,0.919,49.94,Normal,-63.4,34.9,Normal
MTR-0291,2026-09-30 10:00:00,13.163634,100.934936,221.97,3.69,0.79,605.85,0.962,50.03,Normal,-72.2,30.5,Normal
MTR-0292,2026-09-30 10:00:00,13.150815,100.904729,226.24,1.75,0.37,3471.2,0.944,50.06,Normal,-62.7,31.3,Normal
MTR-0293,2026-09-30 10:00:00,13.146479,100.957344,231.17,4.57,1.01,2180.68,0.957,49.98,Normal,-56.3,36.5,Normal
MTR-0294,2026-09-30 10:00:00,13.211232,100.949351,227.5,2.4,0.51,1852.4,0.939,50.01,Normal,-53.0,34.6,Normal
MTR-0295,2026-09-30 10:00:00,13.189066,100.988065,219.41,1.75,0.35,4627.61,0.917,49.99,Normal,-58.2,35.5,Normal
MTR-0296,2026-09-30 10:00:00,13.141819,100.902949,225.71,3.78,0.83,2635.01,0.977,50.02,Normal,-51.0,38.8,Normal
MTR-0297,2026-09-30 10:00:00,13.213482,100.916157,238.76,1.61,0.37,901.5,0.968,49.97,Normal,-59.2,37.0,Normal
MTR-0298,2026-09-30 10:00:00,13.186828,100.877168,226.05,2.13,0.45,4377.05,0.936,50.0,Normal,-55.2,39.3,Normal
MTR-0299,2026-09-30 10:00:00,13.209579,100.906564,228.18,2.99,0.65,676.3,0.952,50.03,Normal,-54.6,34.3,Normal
MTR-0300,2026-09-30 10:00:00,13.201333,100.951752,223.27,8.14,1.77,3902.06,0.976,50.04,Normal,-65.0,39.6,Normal
